Vehicle_Type,avg_maintenance_cost,avg_downtime,count
Van,1046.7764157377806,3.228996388913487,50850
Truck,1038.3440053551662,3.1871552457005556,41150
